np_positive	다른 사람의 단점을 비난하기보다, 장점을 찾아 칭찬과 격려를 자주 건넨다.
a_negative	주변 사람들에게 재미가 없고, 지나치게 무미건조하다는 말을 자주 듣는다.
i_plus	나는 나 자신을 있는 그대로 좋아하고 긍정적으로 생각한다.
cp_negative	다른 사람들에게 ‘내가 시키는 대로만 하면 된다’는 식으로 독선적으로 지시한다.
u_plus	나와 생각이나 가치관이 다른 사람이라도 편견 없이 너그럽게 수용한다.
ac_negative	무슨 일을 하든 타인의 시선이나 반응에 지나치게 신경 쓰여 위축된다.
fc_positive	때로는 아이처럼 순수하고 천진난만한 면이 있다.
i_minus	나는 다른 사람들에게 별로 호감을 주지 못하는 사람이라고 느낀다.
validity_imc	나에게 주어진 하루는 24시간이며, 오늘이 지나면 내일이 온다는 것도 잘 인식하고 있다.
u_minus	다른 사람들을 평가할 때 유독 엄격하고 까다로운 잣대를 들이댄다.
a_positive	어떤 상황에서도, 말과 행동이 침착하고, 냉정함을 유지하는 편이다.
np_negative	가족이나 주변 사람들의 일에 지나치게 참견하고 간섭하는 편이다.
i_plus	나는 우리 사회에 보탬이 되는, 유익한 사람이라고 생각한다.
cp_negative	매사에 비판적인 시각을 갖고, 타인에게 엄격한 잣대를 들이댄다.
validity_lie	살다 보면 때로는 사소한 일로 가까운 가족이나 친구에게 짜증을 내거나 투정을 부릴 때가 있다.
ac_positive	의견 차이가 생기면 다른 사람과 원만하게 타협하고 조화를 이룬다.
fc_negative	매사에 이성적인 판단보다는, 순간의 기분과 감정에 휩쓸려 행동한다.
u_plus	처음 만나는 사람에게도 경계심을 갖기보다는, 기본적으로 호감과 친절을 보인다.
i_minus	나는 주변 사람들로부터 충분한 사랑이나 인정을 받지 못하고 있다고 느낀다.
u_minus	다른 사람의 성과나 장점을 인정하고 칭찬하는 일에 인색한 편이다.
np_positive	상대방의 이야기에 귀담아듣고, 그 마음에 깊이 공감해 주는 편이다.
a_negative	대화할 때 감정적 공감이 부족하여, 상대방에게 차갑거나 냉랭하게 느껴진다.
cp_positive	어떤 유혹이나 압박 속에서도, 양심과 도덕적 기준을 지키며 행동한다.
ac_negative	스스로 해결하기보다 남에게 기대고 의지하고 싶어 하는 마음이 크다.
i_plus	나는 주변 사람들에게 충분히 신뢰와 인정을 받고 있다고 생각한다.
validity_infreq	살아가면서 기쁨, 슬픔, 분노 같은 감정을 태어나서 지금까지 단 1초도 느껴본 적이 없다.
u_plus	다른 사람의 일이나 성과가 잘 풀리면, 내 일처럼 진심으로 기뻐해 준다.
fc_negative	남들의 시선이나 처지는 아랑곳하지 않고, 내키는 대로 행동한다.
i_minus	나 자신의 역량이나 판단력을 온전히 신뢰하지 못한다.
u_minus	남들이 곤란에 처해도 대개 본인이 못나거나 게을러서 생긴 일이라고 생각한다.
a_positive	문제를 해결할 때 사적인 감정을 배제하고, 객관적인 사실에 입각하여 판단한다.
np_negative	상대방이 스스로 할 수 있는 일까지 사소하게 다 챙겨주며, 과잉보호하는 편이다.
fc_positive	새로운 것에 대한 호기심과 배우고 경험하고 싶은 열정이 많다.
cp_negative	사람들을 내 뜻대로 통제하고, 지배하려는 성향이 강하다.
u_plus	사람은 누구나 자신만의 고유한 생각과 감정을 존중받을 권리가 있다.
ac_negative	마음에 불평불만이 쌓여도, 겉으로 솔직하게 표현하지 못하고 속으로 삭인다.
i_plus	매사에 망설이기보다 주도적이고 적극적으로 행동하는 편이다.
validity_imc	전혀 예상치 못했던 갑작스러운 위험이나 큰 굉음을 마주하면 순간적으로 깜짝 놀란다.
i_minus	일이 잘못되거나 문제가 생기면, 대개 내 탓인 것 같아 심한 자책감을 느낀다.
u_minus	상대방의 의견이나 주장은 대개 깊이가 없거나 틀렸다고 생각하기 쉽다.
ac_positive	다른 사람들과 손발을 맞추어 협력하고 배려하는 일을 잘한다.
a_negative	어떤 일을 결정할 때, 나에게 생길 손익과 득실을 지나치게 따져 계산적으로 군다.
np_positive	항상 남을 먼저 염려하고, 배려하는 마음이 크다.
cp_positive	공공의 규칙과 사회 질서를 철저히 준수하며 솔선수범한다.
i_plus	나는 내 외모나 겉모습에 나름대로의 매력이 있다고 생각한다.
fc_negative	깊이 생각하기보다 본능과 충동에 이끌려 즉흥적으로 일을 저지른다.
u_plus	동료나 타인이 실수를 하더라도, 다그치기보다 따뜻하게 격려하고 지지해 준다.
validity_lie	해야 할 일이 많고 피곤할 때는, 가끔 모든 것을 미뤄두고 마냥 게으름을 피우고 싶을 때가 있다.
i_minus	가끔은 나 자신이 아무런 가치도 없는, 쓸모없는 존재처럼 느껴진다.
u_minus	상대방이 내가 기대한 대로 행동해주지 않으면 쉽게 화가 나고 실망한다.
a_positive	항상 현실에 발을 붙이고, 매사에 이성적이고, 현실적으로 판단한다.
np_negative	남의 사소한 개인사까지 지나치게 신경 쓰고 마음을 쓰느라, 내 일에 집중하지 못한다.
fc_positive	복잡하게 재기보다 뛰어난 직관과 감각으로 상황을 빠르게 포착한다.
cp_negative	내 신념이나 방식만이 옳다고 믿으며, 이를 타인에게 완고하게 강요한다.
i_plus	나는 어릴 때부터 소중한 보살핌과 사랑을 받으며 자랐다고 느낀다.
ac_negative	스스로 결정을 내리지 못하고 우유부단하며, 주체성이 부족한 편이다.
u_plus	상대방의 부족한 점이나 단점까지도 있는 그대로의 모습으로 인정하고 품어준다.
validity_infreq	나는 며칠 밤을 연속으로 새워도, 평소와 똑같이 완벽한 집중력을 발휘할 수 있다.
i_minus	실패할까 봐 두려워서, 새로운 일이나 도전에 선뜻 나서지 못한다.
u_minus	나와 가치관이나 생각이 다른 사람을 보면 반감을 느끼고 강하게 비판한다.
ac_positive	주위 사람들로부터 예의 바르고 온화하다는 평을 자주 듣는다.
a_negative	의문이나 미심쩍은 점이 생기면, 상대가 누구든 끝까지 따져서 짚고 넘어간다.
np_positive	후배나 아랫사람을 따뜻하게 품어주고, 성장할 수 있도록 든든하게 지원한다.
cp_positive	옳은 일이라고 판단되면 주저하지 않고 앞장서서 이끄는 결단력이 있다.
i_plus	나만의 강점이나 잠재 능력에 대해 분명한 자신감을 갖고 있다.
fc_negative	흥미가 생기면 쉽게 일을 벌이지만, 뒷마무리를 제대로 하지 못하고 흐지부지 끝낸다.
u_plus	나는 기본적으로 인간의 선한 본성과 양심을 신뢰하는 편이다.
validity_imc	연일 과도하게 무리한 활동을 하거나 잠이 부족하면, 몸이 피로해지고 휴식이 필요하다고 느낀다.
i_minus	내가 한 말이나 행동을 되짚어보며, 끊임없이 후회하고 괴로워하곤 한다.
u_minus	사람을 볼 때 장점보다는 단점이나 부족한 점이 먼저 눈에 들어온다.
a_positive	무슨 일이든 충동적으로 시작하기보다, 구체적인 계획을 먼저 세운 뒤 행동에 옮긴다.
np_negative	상대가 원하지 않거나 부탁하지도 않았는데, 혼자 앞서서 도와주려다 부담을 주곤 한다.
fc_positive	매사에 활력이 넘치며, 밝고 에너지 넘치는 태도로 생활한다.
cp_negative	상대방의 잘못이나 실수를 보면 그냥 넘어가지 못하고, 따끔하게 질책한다.
i_plus	남들이 해내는 일이라면 나 역시 충분히 해낼 수 있다고 믿는다.
ac_negative	부당한 요구나 부탁을 받아도, 상대방이 싫어할까 봐 단호하게 거절하지 못한다.
u_plus	주변 사람들과 원만한 관계를 맺고, 서로 긍정적인 에너지를 주고받는다.
validity_infreq	나는 평생 감기나 가벼운 피로 같은 사소한 신체적 불편을 단 한 번도 겪어본 적이 없다.
i_minus	다른 사람들과 나를 비교하면서, 내가 뒤처지고 초라하다는 생각을 자주 한다.
u_minus	사람들은 대개 미덥지 못하고 이기적이어서, 온전히 믿을 수 없다고 생각한다.
ac_positive	갈등을 일으키기보다 다른 사람의 의견을 존중하며 순조롭게 따른다.
a_negative	융통성 없이 기계적으로만 판단하여, 인간미가 없다는 지적을 받는다.
np_positive	상대방이 실수나 잘못을 하더라도, 다그치기보다 너그럽게 감싸주고 용서한다.
cp_positive	현실에 안주하기보다, 높은 이상과 목표를 향해 끊임없이 도전한다.
i_plus	어떤 상대 앞에서도 위축되지 않고 내 생각을 편안하게 표현한다.
fc_negative	진지하고 엄숙해야 할 분위기나 자리에서도, 분위기 파악을 못 하고 가볍게 행동한다.
u_plus	사람은 누구나 실수를 통해 배우며, 더 나은 사람으로 성장할 잠재력이 있다고 믿는다.
validity_lie	아무리 좋아하는 사람이라도, 사소한 말 한마디나 행동에 순간적으로 섭섭함을 느낄 때가 있다.
i_minus	외모나 성격 등 나의 여러 면에 대해 자신이 없고, 위축될 때가 많다.
u_minus	남을 쉽게 신뢰하지 못하기 때문에, 중요한 일은 내가 직접 해야 안심이 된다.
a_positive	감정에 치우치지 않고, 무슨 일이든 합리적이고, 효율적으로 처리한다.
np_negative	상대방이 안쓰럽고 딱한 마음에, 내 사정이 곤란해도 부탁을 단호하게 거절하지 못한다.
fc_positive	상상력이 풍부하여 독창적이고 창의적인 아이디어를 잘 낸다.
ac_positive	집단이나 사회의 규범과 규칙을 잘 지키며, 모범적으로 행동한다.
cp_positive	맡은 일에 대해서는 끝까지 투철한 사명감과 책임감을 갖고 임한다.
u_plus	누구를 만나든 그 사람만의 훌륭한 장점이나 배울 점을 발견하려고 노력한다.
i_plus	일이 실패하더라도 쉽게 낙담하지 않고 꿋꿋하게 다시 일어선다.
i_minus	스스로 내린 결정을 믿고 끝까지 밀고 나가는 자신감이 부족하다.
u_minus	상대방에게 화가 나면 거친 말로 몰아붙이거나 쏘아붙이곤 한다.
