신번호(100)	구번호(96)	문항(현행)	척도/타당도	수정·추가 내용	VRIN	기대응답(타당도)
1	1	다른 사람을 비난하기보다는, 칭찬을 더 자주 하는 편이다.	np_positive	원본 유지		
2	2	다른 사람들에게 ‘내가 시키는 대로만 하면 된다’는 식으로 말하곤 한다.	cp_negative	표현 수정: 오탈자 「시기는」→「시키는」		
3	3	나는 나 자신을 좋아하고, 긍정적으로 생각한다.	i_plus	원본 유지	Pair1-A	
4	4	나는 현실에 안주하기보다, 높은 이상을 추구하는 편이다.	cp_positive	원본 유지		
5	5	나는 다른 사람의 생각이나 행동 방식이, 나와 다르더라도 너그럽게 받아들인다.	u_plus	원본 유지	Pair2-A	
6	6	나는 감정에 치우치지 않고, 컴퓨터처럼 정확하고, 빈틈없이 일하는 편이다.	a_positive	원본 유지		
7	7	나는 다른 사람들에게, 별로 호감을 사지 못한다고 느낀다.	i_minus	원본 유지		
8	8	나는 동료들에 비해, 다른 사람을 더 엄격하고, 까다롭게 평가하는 편이다.	u_minus	원본 유지		
9	9	나는 아이처럼 순수하고, 천진난만한 구석이 있다.	fc_positive	원본 유지		
10	10	주변 사람들이 실수하지 않도록, 사소한 부분까지 미리 챙겨주는 편이다.	np_negative	표현 수정: 실수 회피 중심 → 일반적 배려·행동 표현		
11	11	나는 태어났을 때, 가족이나 주변에서 그리 환영받지 못했다고 느낀다.	i_minus	원본 유지		
12	12	어떤 상황에서도, 내 양심과 도덕적 기준에 따라 행동한다.	cp_positive	원본 유지		
13	13	다른 사람이 자신의 주장을, 당당하고 분명하게 밝히는 것은, 바람직하다고 생각한다.	u_plus	표현 수정: 「좋다/나쁘다」 단정 표현 정제		
14	14	무슨 일을 하든, 항상 조심하고 경계하는 편이다.	ac_negative	원본 유지		
15	15	나는 우리 사회에 보탬이 되는, 유익한 사람이라고 생각한다.	i_plus	타당도 L Scale 1 — 사회적 바람직성 (구 15번, 번호 유지)		
16	16	나는 다른 사람을, 칭찬하는 일에 인색한 편이다.	u_minus	원본 유지		
17	17	상대방의 이야기를 귀담아듣고, 그 마음에 깊이 공감해 주는 편이다.	np_positive	원본 유지		
18	18	검사를 잘 하고 있는지 확인하는 질문입니다. ‘A. 매우 그렇다’ 를 선택해 주세요.	validity_imc (IMC)	타당도 문항		
19	19	무슨 일이든 논리보다는, 내 감정과 기분에 따라 행동한다.	fc_negative	원본 유지		
20	20	나는, 나 자신의 판단이나 능력을, 별로 신뢰하지 못한다.	i_minus	원본 유지		
21	21	남을 무조건 도와주는 것은, 상대에게 나쁜 버릇만 들이는, 일이라고 생각해 돕지 않는다.	u_minus	원본 유지		
22	22	남의 일이 잘 풀리면, 내 일처럼 진심으로 기뻐해 준다.	u_plus	원본 유지		
23	23	어떤 상황에서도, 말과 행동이 침착하고, 냉정함을 유지하는 편이다.	a_positive	원본 유지	Pair3-A	
24	24	남에게 기대고, 의지하고 싶어 하는 마음이, 강한 편이다.	ac_negative	원본 유지		
25	25	나는 주변 사람들에게, 충분히 신뢰받고 있다고 생각한다.	i_plus	원본 유지		
26	(신규)	주의력을 확인하기 위한 질문입니다. ‘E. 전혀 그렇지 않다’ 를 선택하세요.	validity_imc (IMC)	타당도 [신규] IMC — 구 25번 뒤 삽입		B. 그렇지 않다 (2점)
27	26	사람은 누구나, 자신만의 의견과 생각을, 자유롭게 가질 권리가 있다고 생각한다.	u_plus	원본 유지 (기존 구26번)		
28	27	상대방의 의견보다는, 내 기준과 원칙을 지키는 것이, 훨씬 중요하다고 생각한다.	u_minus	원본 유지 (기존 구27번)		
29	28	의견 차이가 생기면, 다른 사람과 원만하게, 타협을 잘하는 편이다.	ac_positive	표현 수정: 극단 표현 완화 (구 28번)		
30	29	동료가 실수를 하더라도, 질책하기보다는, 먼저 따뜻하게 격려해 준다.	u_plus	표현 수정: 극단 표현 완화 (구 29번)		
31	30	남들의 시선이나 입장은 아랑곳하지 않고, 내가 하고 싶은 대로 행동한다.	fc_negative	타당도 IMC — 구 30번에서 이동		E. 전혀 그렇지 않다 (1점)
32	31	내 판단에 자신이 없어서, 다른 사람들이 하는대로, 무작정 따르는 편이다.	i_minus	원본 유지 (기존 구31번)		
33	32	새로운 것에 호기심이 많고, 알고 싶은 것도 많다.	fc_positive	원본 유지 (기존 구32번)	Pair5-A	
34	33	검사 질문을 꼼꼼히 읽고 있는지 확인합니다. ‘B. 그렇지 않다’를 선택해 주세요.	validity_imc (IMC)	타당도 문항		
35	34	가정이나 직장에서, 다른 사람들의 일에 지나치게, 참견하고 간섭하는 편이다.	np_negative	원본 유지 (기존 구34번)		
36	35	상대방이 내가 기대한 대로, 행동해주지 않으면, 몹시 화가 난다.	u_minus	원본 유지 (기존 구35번)		
37	36	다른 사람들과 손발을 맞추어 협력하고, 협조하는 일을 잘한다.	ac_positive	원본 유지 (기존 구36번)		
38	37	매사에 망설이기보다 주도적이고, 적극적으로 행동하는 편이다.	i_plus	원본 유지 (기존 구37번)		
39	38	매사에 비판적인 시각을 갖고, 엄격한 기준을 적용하는 편이다.	cp_negative	원본 유지 (기존 구38번)		
40	39	가끔은 나 자신이, 아무런 가치도 없는, 쓸모없는 존재처럼 느껴진다.	i_minus	원본 유지 (기존 구39번)	Pair1-B	
41	40	상대방의 인격을 존중하며, 그의 단점이나 있는 그대로의 모습까지 포용한다.	u_plus	원본 유지 (기존 구40번)		
42	41	복잡하게 따지기보다는, 번뜩이는 직관과 감각으로, 상황을 바로 판단하는 편이다.	fc_positive	원본 유지 (기존 구41번)		
43	42	주변 사람들에게 재미가 없고, 지나치게 무미건조하다는 말을 자주 듣는다.	a_negative	원본 유지 (기존 구42번)		
44	43	살면서 단 한 번도, 남의 험담이나 사소한 거짓말을, 해본 적이 없다.	validity_lie (L)	표현 수정: 「손 대지 않음」→「선뜻 착수하지 못함」 등 (구 43번)		
45	44	실패할까 봐 두려워서, 새로운 일에 선뜻 착수하지 못할 때가 많다.	i_minus	원본 유지 (기존 구44번)		
46	45	어떤 장소에서든, 공공의 규칙과 질서를, 철저히 지키는 편이다.	cp_positive	원본 유지 (기존 구45번)		
47	46	나는, 내 외모나 겉모습에, 나름의 매력이 있다고 생각한다.	i_plus	표현 수정: A(성인) 맥락·간섭 표현 정리 (구 46번)		
48	47	남의 일이나 사소한 개인사까지, 지나치게 신경을 쓰는 편이다.	np_negative	타당도 F Scale 1 — 구 47번에서 이동		
49	48	내가 내뱉은 말이나, 저지른 행동에 대해, 곧잘 후회하곤 한다.	i_minus	원본 유지 (기존 구48번)		
50	49	문제를 해결할 때, 사적인 감정을 배제하고, 객관적인 사실에 입각하여 판단한다.	a_positive	원본 유지 (기존 구49번)		
51	50	마음에 불평불만이 쌓여도, 겉으로 솔직하게 표현하지 못한다.	ac_negative	원본 유지 (기존 구50번)		
52	(신규)	어떤 일을 결정할 때, 나에게 생길 손익과 득실을, 철저하게 따져본다.	a_negative	타당도 [신규] L — 구 50번 뒤 삽입		
53	51	나는 어릴 때부터, 소중한 보살핌과 사랑을 받으며, 자랐다고 생각한다.	i_plus	원본 유지 (기존 구51번)		
54	52	항상 남을 먼저 염려하고, 배려하는 마음이 크다.	np_positive	원본 유지 (기존 구52번)		
55	53	사람들을 내 뜻대로 이끌고, 지배하려는 성향이 강하다.	cp_negative	원본 유지 (기존 구53번)	Pair4-A	
56	54	나는 기본적으로, 사람들의 선의를 믿는 편이다.	u_plus	원본 유지 (기존 구54번)		
57	55	평소 행동이 민첩하고, 에너지와 활기가 넘치는 편이다.	fc_positive	원본 유지 (기존 구55번)		
58	56	대화할 때, 감정적인 반응을 보이지 않고, 차분하고 이성적으로 말한다.	a_negative	원본 유지 (기존 구56번)		
59	57	나만의 강점이나, 특정 능력에 대해서는, 분명한 자신감을 갖고 있다.	i_plus	원본 유지 (기존 구57번)		
60	58	어떤 일에서든, 예의범절과 도덕적인 도리를, 가장 중요하게 여긴다.	cp_positive	원본 유지 (기존 구58번)		
61	59	남들과 어울리는 것이, 피곤하게 느껴져, 차라리 혼자 있는 시간을 즐긴다.	i_minus	원본 유지 (기존 구59번)		
62	60	깊이 생각하기보다, 본능과 충동에 이끌려, 즉흥적으로 행동하는 편이다.	fc_negative	원본 유지 (기존 구60번)	Pair3-B	
63	61	주위에서 참~ 착하고, 유순하다는 말을 자주 듣는다.	ac_positive	원본 유지 (기존 구61번)		
64	62	내 평생 약속 시간에, 단 1분이라도 늦거나, 어겨본 적이 한 번도 없다.	validity_lie (L)	타당도 문항		
65	63	나는, 내 외모나 체형에, 자신이 없다.	i_minus	타당도 L Scale 2 — 구 63번에서 이동		
66	64	상대가 부탁하지 않더라도, 곤란해 보이면 내가 먼저 나서서, 일을 도와주곤 한다.	np_negative	원본 유지 (기존 구64번)		
67	65	나와 생각이 다른 사람을 보면, 마음이 멀어지거나, 강하게 비판하게 된다.	u_minus	원본 유지 (기존 구65번)	Pair2-B	
68	66	내 생각이나 주장보다는, 다른 사람들의 의견을, 순순히 따르는 편이다.	ac_positive	원본 유지 (기존 구66번)		
69	67	나는 한 번도 다른 사람에게 화를 낸 적이 없다.	validity_lie (L)	타당도 문항		
70	68	다른 사람을 볼 때, 장점보다는 단점이나, 부족한 점이 먼저 눈에 띈다.	u_minus	원본 유지 (기존 구68번)		
71	69	후배나 아랫사람을, 따뜻하게 보살피고, 성장할 수 있도록 잘 이끌어준다.	np_positive	원본 유지 (기존 구69번)		
72	70	방바닥에서 정체불명의 큰소리를 자주 듣는다.	validity_infreq (F)	타당도 문항		
73	71	의문이나 미심쩍은 점이 생기면, 상대가 누구든 끝까지, 따져서 짚고 넘어간다.	a_negative	원본 유지 (기존 구71번)		
74	72	후배나 부하 직원은, 마땅히 내 지시와 의견을, 따라야 한다고 생각한다.	u_minus	원본 유지 (기존 구72번)		
75	73	항상 현실에 발을 붙이고, 매사에 이성적이고, 현실적으로 판단한다.	a_positive	표현 수정: 「사리」→「상식이나 논리」 (구 73번)		
76	74	상식이나 논리에 맞지 않는 일은, 납득할 만한 근거가 없으면, 결코 받아들이지 않는다.	cp_negative	원본 유지 (기존 구74번)		
77	75	나는 대부분의 사람들과 원만하고, 좋은 인간관계를 잘 유지하고 있다.	u_plus	원본 유지 (기존 구75번)		
78	(신규)	상상력이 풍부하고, 창의적인 아이디어를, 잘 떠올리는 편이다.	fc_positive	타당도 [신규] F — 구 75번 뒤 삽입		
79	76	남을 온전히 믿지 못하기 때문에, 웬만한 일은, 내가 직접 해야 안심이 된다.	u_minus	원본 유지 (기존 구76번)		
80	77	나는 지난 한 달 동안, 단 하루도 음식이나 물을, 섭취하지 않았다.	validity_infreq (F)	타당도 IMC — 구 77번에서 이동		A. 매우 그렇다 (5점)
81	78	스스로 알아서 결정을 내리고, 일을 처리하는 독립성이, 부족한 편이다.	ac_negative	원본 유지 (기존 구78번)	Pair4-B	
82	79	사람은 누구나, 자신의 삶과 일에 대해, 스스로 결정할 권리가 있다고 생각한다.	u_plus	원본 유지 (기존 구79번)		
83	80	남들이 해내는 일이라면, 나 역시 그만큼은, 충분히 해낼 수 있다고 생각한다.	i_plus	원본 유지 (기존 구80번)		
84	81	맡은 일에 대해서는 끝까지, 책임감을 갖고 성실하게 임한다.	cp_positive	원본 유지 (기존 구81번)		
85	82	상대방이 밉고 원망스러워도, 그 감정을 겉으로 잘 드러내지 못한다.	ac_negative	원본 유지 (기존 구82번)		
86	83	사적으로 싫어하는 사람이라도, 필요하다면 공적으로 함께 일할 수 있다.	u_plus	원본 유지 (기존 구83번)		
87	84	무슨 일이든 충동적으로 시작하기보다, 구체적인 계획을 먼저 세운 뒤 행동에 옮긴다.	a_positive	원본 유지 (기존 구84번)		
88	85	다른 사람의 기분이나 처지보다는, 내 감정과 충동대로 행동하는 편이다.	fc_negative	원본 유지 (기존 구85번)		
89	86	화가 나면 상대방을, 강하게 몰아붙이거나 거칠게 쏘아붙인다.	u_minus	표현 수정: 질책·잔소리 표현 정제 (구 86번)		
90	87	상대방을 수단으로 대하지 않고, 인격적으로 존중하며 대한다.	np_positive	원본 유지 (기존 구87번)		
91	88	상황을 객관적으로 보기보다는, 감정적인 기분에 휩쓸려 처리하는 편이다.	fc_negative	원본 유지 (기존 구88번)		
92	89	스스로 결단을 내리고 결단한 대로, 밀고 나가는 힘이 부족하다.	i_minus	원본 유지 (기존 구89번)		
93	90	지난 1년 동안 단 하루도 잠을 잔 적이 없다.	validity_infreq (F)	타당도 F Scale 2 — 구 90번에서 이동		
94	91	감정에 치우치지 않고, 무슨 일이든 합리적이고, 효율적으로 처리한다.	a_positive	원본 유지 (기존 구91번)		
95	92	성미가 급해서 사소한 일에도, 불같이 화를 내는 편이다.	cp_negative	원본 유지 (기존 구92번)		
96	93	어떤 상대 앞에서도 위축되지 않고, 내 생각을 편안하고 자연스럽게 말한다.	i_plus	원본 유지 (기존 구93번)		
97	94	매사에 경솔하게 행동하지 않고, 신중하게 처신하는 편이다.	ac_positive	원본 유지 (기존 구94번)		
98	95	다른 사람의 부탁을 받으면, 거절하기가 몹시 어렵다.	np_negative	원본 유지 (기존 구95번)		
99	96	일이 잘못되어 실패하더라도, 낙담하지 않고 꿋꿋하게 다시 시작한다.	i_plus	원본 유지 (기존 구96번)		
100	(신규)	나는 새로운 것에 전혀 호기심이 없고, 알고 싶은 것도 전혀 없다.	validity_vrin (VRIN)	타당도 [신규] VRIN — 34번(호기심)과 대립	Pair5-B	
